year,x,y,fitted,residual,leverage,hc3_weight
2017,11.478033768090118,10.58423315037833,10.540617902081777,0.04361524829655217,0.34423327006408044,0.00442362129589454
2018,11.611503028331223,10.689305067937381,10.70266273197892,-0.013357664041539152,0.248868138179418,0.00031624863797025365
2019,11.742790377244564,10.862550376254152,10.862058506585583,0.000491869668568512,0.17797529860933992,3.580390108425933e-07
2020,11.870704798845832,11.013287030594801,11.017359215170654,-0.0040721845758522335,0.13076001369533685,2.194701783873608e-05
2021,12.032242930768884,11.248178363800942,11.213482420334802,0.03469594346614002,0.10195634525719299,0.001492665536548066
2022,12.197385017132609,11.396784829835415,11.413981181212984,-0.01719635137756903,0.10807306546178097,0.0003717184034444063
2023,12.263940529858628,11.380330776358633,11.494786129999861,-0.11445535364122783,0.12070359948174314,0.0169434416937093
2024,12.409511324770007,11.683073220832474,11.67152341510052,0.011549805731954521,0.16868494100604892,0.00019302700113936778
2025,12.548683147253508,11.821600632300969,11.840491717315391,-0.01889108501442216,0.24068004322124636,0.0006189622694647404
2026,12.712405190518277,12.116886177471372,12.039266405983978,0.07761977148739341,0.35806528502399715,0.014620525914973492
