case,year,revenue,operating_income,net_income,eps_diluted,cfo,cash_capex,fcf,fcf_after_finance_leases,depreciation,book_debt,fin_total,op_total,borrowing
Base,2027,385048.80000000005,175728.08703427133,139226.65932341706,18.73683028468433,209011.48254010986,123215.61600000002,85795.86654010984,80560.87884780215,50319.3666,31219.260000000002,90237.67230769231,21948.646,0
Base,2028,444477.4424,189179.80210217403,149959.44033126583,20.241951178681727,249569.95697850696,124453.68387200001,125116.27310650695,117300.745357146,75599.62026141334,31389.2622,113535.56552633137,23460.013657999996,0
Base,2029,508922.316432,204736.39255985775,163295.41298470303,22.108403856550193,290816.8934796389,127230.579108,163586.3143716389,153982.44088947572,101565.57059252667,29553.164334,137011.6426122482,26036.413079131664,0
Base,2030,577301.7649200001,223012.7156780659,179624.49119054497,24.39235862041523,336670.33706154244,127006.38828240002,209663.9487791424,197797.45826620416,128010.09185221468,29713.11940398,159783.25799450994,29114.37931443948,0
Base,2031,648107.1509938752,242804.5507215888,198208.54815629864,26.996997580794837,385282.59341057274,129621.43019877505,255661.16321179768,241526.09387294645,154852.54990618228,29368.2758218606,181294.08196032187,32494.33226083643,0
Upside,2027,403293.48,192965.89722206863,152939.1289581349,20.623596846183812,222045.56327702478,137119.7832,84925.78007702477,79483.05062317861,48186.617886444445,31219.260000000002,95431.21634615384,22569.19604,0
Upside,2028,482900.8416,214614.61798120782,169850.77162939726,23.019200806780667,274218.15834077966,149699.260896,124518.89744477966,116014.68760169091,78434.19367004445,31389.2622,125559.07383106508,24948.11953513333,0
Upside,2029,569685.352768,238424.6629923979,189272.92337204516,25.78030947795839,329096.6685132903,159511.89877504,169584.7697382503,158684.9936599722,110860.47849772336,29553.164334,157385.699210387,28634.204633066773,0
Upside,2030,663914.10965824,265999.57645588595,212557.89754224155,29.097374352528973,391034.3378573621,165978.52741456,225055.81044280212,211166.8585845887,145136.10579192394,29713.11940398,189970.73502825043,33078.71328338959,0
Upside,2031,766404.7553610496,297463.6475941077,240093.13269338166,33.0318740027287,459515.8930672803,176273.0937330414,283242.79933423887,266240.6003853382,181345.10656402935,29368.2758218606,222784.84517781797,38127.073654091124,0
Downside,2027,359626.82000000007,145318.64459114452,114926.56110731562,15.389395783411791,190935.81495191867,125869.38700000002,65066.42795191865,59904.77289422634,58979.44595357143,31219.260000000002,88404.35644230769,20610.12002,0
Downside,2028,387519.84440000006,133227.2029558539,105143.69106658365,14.051304799463754,214717.24952686316,127881.54865200003,86835.70087486313,79389.06784907024,90097.65837367144,31389.2622,106146.5133025148,20495.728796733332,0
Downside,2029,414819.7619360001,121257.74393022314,96197.82310749443,12.8301270956395,239226.29695185673,124445.92858080001,114780.36837105671,106139.68597001788,119970.76138713864,29553.164334,120320.91780795596,21131.51122509878,0
Downside,2030,444959.4898993601,112135.50973112402,90356.80205278256,12.027042466361527,263721.1976043219,124588.65717182084,139132.54043250103,129026.49534297883,149173.61515836924,29713.11940398,132462.84721340175,21983.616223988367,0
Downside,2031,473710.27106904815,103190.41717894416,85364.54530088205,11.339862862442486,288189.98520716827,118427.56776726204,169762.41743990622,158280.03089600778,177450.4355265256,29368.2758218606,142297.42286761047,22851.36934105424,0
